{
    "undersampling": {
        "colsample_bytree": 0.9788434525791851,
        "device": "cuda",
        "gamma": 0.03862451948989317,
        "learning_rate": 0.07601990266203108,
        "max_depth": 4,
        "n_estimators": 122,
        "random_state": 42,
        "reg_alpha": 0.04614529311437304,
        "reg_lambda": 4.863339401157303,
        "subsample": 0.9375569434192167
    },
    "oversampling": {
        "colsample_bytree": 0.8321616102834998,
        "device": "cuda",
        "gamma": 0.16462013680997584,
        "learning_rate": 0.14837903953853868,
        "max_depth": 9,
        "n_estimators": 117,
        "random_state": 42,
        "reg_alpha": 0.11862454374840004,
        "reg_lambda": 3.321457011776751,
        "subsample": 0.9492982810236049
    },
    "no_sampling": {
        "colsample_bytree": 0.8509281309527528,
        "device": "cuda",
        "gamma": 0.20445081666717876,
        "learning_rate": 0.16204557197793734,
        "max_depth": 4,
        "n_estimators": 192,
        "random_state": 42,
        "reg_alpha": 0.23578809427507919,
        "reg_lambda": 4.177225050057959,
        "subsample": 0.8697736533085991
    }
}